ID,Hubs Address,Lat,Long
0,"1515 Franklin St, Houston, TX 77002",29.76077612,-95.35509527
1,"794N San Jacinto St, Houston, TX 77002",29.75770329,-95.36201851
2,"1500 Daly Pl, Houston, TX 77002",29.77171384,-95.3614305
3,"5601 W Loop S, Houston, TX 77081",29.72170904,-95.45728314
4,"5220 Travis St, Houston, TX 77002",29.7286332,-95.38875256
5,"5220 Travis St, Houston, TX 77002",29.72856798,-95.38864527
6,"6100 Main MS-550, Houston, TX 77005",29.71629694,-95.41182337
7,"2545 Pressler St, Houston, TX 77030",29.70548392,-95.40869616
8,"3837 Bellaire Blvd, Houston, TX 77025",29.7056369,-95.43821966
9,"4028 Bellaire Blvd, West University Place, TX ",29.70716546,-95.44194721
10,"4616 Locust St Bellaire, TX 77401",29.709812,-95.45753373
11,"4601 Bellaire Blvd, Bellaire, TX 77401",29.70523423,-95.45581307
12,"Opposite to 8715 W Loop S, Houston, TX 77096",29.68644377,-95.45602284
13,"7101 Stella Link Rd, Houston, TX 77025",29.69987697,-95.43968891
14,"3131 W Holcombe Blvd, Houston, TX 77025",29.704967,-95.42542531
15,"8715 W Loop S, Houston, TX 77096",29.68701756,-95.45628971
